First Name,Last Name,Email Address,Phone,Contact Ext ID,Acct Ext Id,Acct Name,Account Site,Mailing Street,Mailing City,Mailing State,Mailing Country,Mailing Zip
Marrissa,Merring,mmerring0@redcross.org,651-731-3582,184320880434077643,319977825325514491,Kayveo,ADD-1,38449 Mayer Terrace,Saint Paul,Minnesota,United States,55166
Zelig,Fernao,zfernao1@sbwire.com,433-191-0987,684022699093096619,866892442728318761,Thoughtsphere,ADD-2,37379 Comanche Crossing,Joliet,Illinois,United States,60435
Teressa,Guard,tguard2@nature.com,663-263-9469,339992497843716343,084705175952234975,Trupe,ADD-3,39040 Haas Center,Albany,New York,United States,12247
Adams,Sesons,asesons3@amazon.de,675-653-3808,515774204594467042,880859272000243239,Quinu,ADD-4,1 Moose Point,Bradenton,Florida,United States,34210
Tallulah,Crosser,tcrosser4@google.ca,478-679-7035,159564422954957911,518669098614383561,Midel,ADD-5,54619 Donald Center,Saint Paul,Minnesota,United States,55108
Jacquelyn,Hefner,jhefner5@theguardian.com,473-295-2246,656166930735145836,669145377712244400,Fanoodle,ADD-6,552 Hudson Terrace,Austin,Texas,United States,78721
Fee,Kilsby,fkilsby6@taobao.com,676-239-3561,069069458810497796,412297194516684926,Npath,ADD-7,37068 Monica Park,Shawnee Mission,Kansas,United States,66205
Susannah,Gosnall,sgosnall7@aboutads.info,585-351-4195,263312731426002954,771110621773214564,Aivee,ADD-8,41657 Spenser Pass,Dallas,Texas,United States,75367
Derrek,Machan,dmachan8@netscape.com,319-651-4859,115168787694481449,833806921693942551,Oba,ADD-9,9732 Maryland Lane,Seattle,Washington,United States,98104
Corabella,Badrock,cbadrock9@php.net,268-173-2239,047171133769171612,442060313995405963,Skynoodle,ADD-10,3655 Harper Alley,Kansas City,Missouri,United States,64101
Gerrilee,Lea,gleaa@businesswire.com,878-730-5185,343672920725344250,980120998671257087,Thoughtstorm,ADD-11,14571 Mcbride Avenue,Kingsport,Tennessee,United States,37665
Miran,Behr,mbehrb@hibu.com,655-177-3238,759203963681562160,350862434166957775,Podcat,ADD-12,449 Shasta Street,Mobile,Alabama,United States,36616
Harmonia,Rintoul,hrintoulc@reverbnation.com,877-863-2633,602282880167696498,193586711019299580,Centidel,ADD-13,1992 Homewood Circle,Cleveland,Ohio,United States,44118
Vere,Dibble,vdibbled@vimeo.com,766-305-6665,695300158871095706,797006655599469172,Meejo,ADD-14,54303 Grim Place,Dayton,Ohio,United States,45414
Byrle,Larkcum,blarkcume@opensource.org,463-954-4118,980427374720903198,356854088172493228,Jayo,ADD-15,29455 Blackbird Place,Bethesda,Maryland,United States,20892
Finn,Clynmans,fclynmansf@goodreads.com,986-992-7270,616738199452360898,016035486539867922,Livefish,ADD-16,4 Bay Drive,Pasadena,California,United States,91131
Taddeusz,Barbera,tbarberag@shop-pro.jp,805-608-5310,311101801023401619,222288187657266803,Flashpoint,ADD-17,27217 David Hill,Las Vegas,Nevada,United States,89193
Shanda,Kochs,skochsh@soundcloud.com,337-489-7037,848304999437596586,287038361817854263,Trupe,ADD-18,07 Montana Street,Gainesville,Florida,United States,32605
Yorke,Croxton,ycroxtoni@cornell.edu,895-668-9597,980302967585463736,667152718954462316,Browsedrive,ADD-19,818 Oakridge Drive,Wichita,Kansas,United States,67205
Charity,Tresise,ctresisej@imgur.com,163-495-7770,073142525120364364,706674456797069548,Eayo,ADD-20,87 Kensington Way,Fargo,North Dakota,United States,58122
Thomasa,Cossor,tcossork@google.com.hk,466-570-1163,574536102772204055,319977825325514491,Kayveo,ADD-1,38449 Mayer Terrace,Saint Paul,Minnesota,United States,55166
Zebulon,Runnalls,zrunnallsl@kickstarter.com,307-630-5118,721960643908295550,866892442728318761,Thoughtsphere,ADD-2,37379 Comanche Crossing,Joliet,Illinois,United States,60435
Gerrie,Spickett,gspickettm@slate.com,898-341-9500,382698577199700306,084705175952234975,Trupe,ADD-3,39040 Haas Center,Albany,New York,United States,12247
Trixi,Tutton,ttuttonn@narod.ru,259-229-5414,719895738289780450,880859272000243239,Quinu,ADD-4,1 Moose Point,Bradenton,Florida,United States,34210
Field,Muzzullo,fmuzzulloo@blogs.com,854-954-7874,462468508991498514,518669098614383561,Midel,ADD-5,54619 Donald Center,Saint Paul,Minnesota,United States,55108
Brenna,Munnis,bmunnisp@networkadvertising.org,297-876-9718,907932239153131834,669145377712244400,Fanoodle,ADD-6,552 Hudson Terrace,Austin,Texas,United States,78721
Cyrille,Olden,coldenq@rambler.ru,867-450-6200,325928241308600229,412297194516684926,Npath,ADD-7,37068 Monica Park,Shawnee Mission,Kansas,United States,66205
Rand,Wooder,rwooderr@zimbio.com,901-446-9120,107791477339008069,771110621773214564,Aivee,ADD-8,41657 Spenser Pass,Dallas,Texas,United States,75367
Sanders,Lawn,slawns@123-reg.co.uk,166-610-7466,930428431294013535,833806921693942551,Oba,ADD-9,9732 Maryland Lane,Seattle,Washington,United States,98104
Hodge,MacKowle,hmackowlet@slideshare.net,349-125-1867,246555464853335323,442060313995405963,Skynoodle,ADD-10,3655 Harper Alley,Kansas City,Missouri,United States,64101
Sophronia,Wheal,swhealu@deliciousdays.com,718-607-2203,354647215867936500,980120998671257087,Thoughtstorm,ADD-11,14571 Mcbride Avenue,Kingsport,Tennessee,United States,37665
Patience,Prophet,pprophetv@etsy.com,846-731-8358,732451653952548397,350862434166957775,Podcat,ADD-12,449 Shasta Street,Mobile,Alabama,United States,36616
Viviyan,Fynan,vfynanw@economist.com,792-733-0042,508588542952048874,193586711019299580,Centidel,ADD-13,1992 Homewood Circle,Cleveland,Ohio,United States,44118
Willyt,Btham,wbthamx@netlog.com,399-126-4529,620936474893010235,797006655599469172,Meejo,ADD-14,54303 Grim Place,Dayton,Ohio,United States,45414
Karlene,Blight,kblighty@weather.com,415-844-1835,009983352200922362,356854088172493228,Jayo,ADD-15,29455 Blackbird Place,Bethesda,Maryland,United States,20892
Beryl,Lampard,blampardz@symantec.com,306-706-8882,088520007406253207,016035486539867922,Livefish,ADD-16,4 Bay Drive,Pasadena,California,United States,91131
Mae,Dochon,mdochon10@seattletimes.com,747-617-6737,643624601906260071,222288187657266803,Flashpoint,ADD-17,27217 David Hill,Las Vegas,Nevada,United States,89193
Phil,Judkin,pjudkin11@google.com,358-348-6438,640716488413660837,287038361817854263,Trupe,ADD-18,07 Montana Street,Gainesville,Florida,United States,32605
Sofia,Baison,sbaison12@cocolog-nifty.com,972-763-7672,047795694866007261,667152718954462316,Browsedrive,ADD-19,818 Oakridge Drive,Wichita,Kansas,United States,67205
Skippie,Bowler,sbowler13@rambler.ru,954-379-8027,138310592110332148,706674456797069548,Eayo,ADD-20,87 Kensington Way,Fargo,North Dakota,United States,58122
Nerte,Doone,ndoone14@mayoclinic.com,232-201-2302,741435894572007850,319977825325514491,Kayveo,ADD-1,38449 Mayer Terrace,Saint Paul,Minnesota,United States,55166
Cash,Brownbill,cbrownbill15@tuttocitta.it,438-140-9518,138585616047876398,866892442728318761,Thoughtsphere,ADD-2,37379 Comanche Crossing,Joliet,Illinois,United States,60435
Filmore,Dancey,fdancey16@hibu.com,694-801-2809,140594651267091414,084705175952234975,Trupe,ADD-3,39040 Haas Center,Albany,New York,United States,12247
Udall,Poyser,upoyser17@dell.com,434-759-3015,464996430703659142,880859272000243239,Quinu,ADD-4,1 Moose Point,Bradenton,Florida,United States,34210
Rochelle,Taffie,rtaffie18@reuters.com,262-622-5625,270471720850269448,518669098614383561,Midel,ADD-5,54619 Donald Center,Saint Paul,Minnesota,United States,55108
Aveline,Reddihough,areddihough19@bluehost.com,498-490-9404,379449885819288964,669145377712244400,Fanoodle,ADD-6,552 Hudson Terrace,Austin,Texas,United States,78721
Myra,Galley,mgalley1a@accuweather.com,451-483-6656,159215685750357743,412297194516684926,Npath,ADD-7,37068 Monica Park,Shawnee Mission,Kansas,United States,66205
Perkin,Fulep,pfulep1b@springer.com,143-107-9456,360837051280415241,771110621773214564,Aivee,ADD-8,41657 Spenser Pass,Dallas,Texas,United States,75367
Prudi,Kneath,pkneath1c@desdev.cn,170-350-8586,898198636513379195,833806921693942551,Oba,ADD-9,9732 Maryland Lane,Seattle,Washington,United States,98104
Quintin,Lyven,qlyven1d@naver.com,814-450-8683,119703839909379074,442060313995405963,Skynoodle,ADD-10,3655 Harper Alley,Kansas City,Missouri,United States,64101
Ileane,Blaszkiewicz,iblaszkiewicz1e@so-net.ne.jp,865-948-9272,249629135681001147,980120998671257087,Thoughtstorm,ADD-11,14571 Mcbride Avenue,Kingsport,Tennessee,United States,37665
Hayden,Bettlestone,hbettlestone1f@chron.com,829-941-4583,874730582824729122,350862434166957775,Podcat,ADD-12,449 Shasta Street,Mobile,Alabama,United States,36616
Lissi,Andriuzzi,landriuzzi1g@google.cn,752-329-0801,225969732034553935,193586711019299580,Centidel,ADD-13,1992 Homewood Circle,Cleveland,Ohio,United States,44118
Cortie,Hext,chext1h@yahoo.com,736-843-7086,583644968875949459,797006655599469172,Meejo,ADD-14,54303 Grim Place,Dayton,Ohio,United States,45414
Diena,Matthews,dmatthews1i@jimdo.com,836-587-5904,586356439571206634,356854088172493228,Jayo,ADD-15,29455 Blackbird Place,Bethesda,Maryland,United States,20892
Dottie,Paull,dpaull1j@fc2.com,995-894-7099,354969757763186164,016035486539867922,Livefish,ADD-16,4 Bay Drive,Pasadena,California,United States,91131
Lib,Garrison,lgarrison1k@about.com,345-739-2406,651672470347154790,222288187657266803,Flashpoint,ADD-17,27217 David Hill,Las Vegas,Nevada,United States,89193
Mal,Caze,mcaze1l@cdbaby.com,606-749-3124,126811163603080559,287038361817854263,Trupe,ADD-18,07 Montana Street,Gainesville,Florida,United States,32605
Bobine,Wallsam,bwallsam1m@noaa.gov,511-247-8752,441783844681241420,667152718954462316,Browsedrive,ADD-19,818 Oakridge Drive,Wichita,Kansas,United States,67205
Enriqueta,Harraway,eharraway1n@home.pl,414-920-2463,144365790541932101,706674456797069548,Eayo,ADD-20,87 Kensington Way,Fargo,North Dakota,United States,58122
